Domain,Accuracy,Precision,Recall,F1
BoTIoT,0.9994988808338624,0.9975237309120925,0.9962901896125308,0.9969065786760156
CICIoT2023,0.9906280225461096,0.996536826224112,0.993844680778306,0.9951889328333932
UNSW,0.9896668962911936,0.8876351669017395,0.8930936613055819,0.8903560481018628
5G,0.7687376616462969,0.7351474174240745,0.9683188553909045,0.8357748164949753
