Domain,Accuracy,Precision,Recall,F1
0,0.7687376616462969,0.7351474174240745,0.9683188553909045,0.8357748164949753
1,0.9994988808338623,0.9975237309120925,0.9962901896125309,0.9969065786760156
2,0.9906280225461095,0.9965368262241119,0.9938446807783059,0.9951889328333933
3,0.9896668962911935,0.8876351669017395,0.8930936613055819,0.8903560481018628
