Accuracy,Precision,Recall,F1,ROC_AUC
0.9301066666666666,0.879747119893335,0.9598404733495693,0.9180502141762812,0.9879032238274376
