Metric,Value
Accuracy,0.92472
Precision,0.8733480011375032
Recall,0.9537438093525767
F1,0.9117771145522446
ROC_AUC,0.9870117239039126
