Accuracy,Precision,Recall,F1,ROC_AUC
0.92542,0.8581129480530644,0.9790294372435887,0.9145919699502989,0.9871066412125635
