Metric,Value
Accuracy,0.9253066666666667
Precision,0.8618846939218838
Recall,0.9727529788659878
F1,0.9139689170096443
ROC_AUC,0.9870921488516315
