Model,ROC_AUC
AutoEncoder,0.7617802015324767
LSTM V2,0.9808053493559613
Transformer V2,0.9794813487406611
