Feature,Importance
mean_value,0.16628745211368384
min_value,0.14965834159740415
max_value,0.12904421595854004
domain,0.05928525972884793
state,0.04536297602577068
proto,0.03740907753548355
rate,0.036878831768792204
HH_L0.1_magnitude,0.035926648925732635
duration,0.03572053488365216
weight,0.03385789824437887
